<dataStore>
  <id>DataStoreInfoImpl--692ed88b:19a8beafe16:-7ffe</id>
  <name>Couches_Projet_Web</name>
  <type>PostGIS</type>
  <enabled>true</enabled>
  <workspace>
    <id>WorkspaceInfoImpl--692ed88b:19a8beafe16:-8000</id>
  </workspace>
  <connectionParameters>
    <entry key="schema">public</entry>
    <entry key="Evictor run periodicity">300</entry>
    <entry key="Max open prepared statements">50</entry>
    <entry key="encode functions">true</entry>
    <entry key="Batch insert size">1</entry>
    <entry key="preparedStatements">false</entry>
    <entry key="database">mydb</entry>
    <entry key="reWriteBatchedInserts">false</entry>
    <entry key="host">db</entry>
    <entry key="Loose bbox">true</entry>
    <entry key="SSL mode">DISABLE</entry>
    <entry key="Estimated extends">true</entry>
    <entry key="fetch size">1000</entry>
    <entry key="Expose primary keys">false</entry>
    <entry key="validate connections">true</entry>
    <entry key="Support on the fly geometry simplification">true</entry>
    <entry key="Connection timeout">20</entry>
    <entry key="create database">false</entry>
    <entry key="Method used to simplify geometries">FAST</entry>
    <entry key="port">5432</entry>
    <entry key="passwd">crypt2:MaIBgFAbj53Tlk/dwKCj+18XlwTP4IcS0N5G5PgqcnM=</entry>
    <entry key="min connections">1</entry>
    <entry key="dbtype">postgis</entry>
    <entry key="namespace">Projet_Web</entry>
    <entry key="max connections">10</entry>
    <entry key="Evictor tests per run">3</entry>
    <entry key="Test while idle">true</entry>
    <entry key="user">postgres</entry>
    <entry key="Max connection idle time">300</entry>
  </connectionParameters>
  <__default>false</__default>
  <dateCreated>2025-11-16 09:08:11.549 UTC</dateCreated>
  <disableOnConnFailure>false</disableOnConnFailure>
</dataStore>