<layer>
  <name>objets</name>
  <id>LayerInfoImpl--692ed88b:19a8beafe16:-7ffc</id>
  <type>VECTOR</type>
  <defaultStyle>
    <id>StyleInfoImpl--692ed88b:19a8beafe16:-7fb8</id>
  </defaultStyle>
  <resource class="featureType">
    <id>FeatureTypeInfoImpl--692ed88b:19a8beafe16:-7ffd</id>
  </resource>
  <attribution>
    <logoWidth>0</logoWidth>
    <logoHeight>0</logoHeight>
  </attribution>
  <dateCreated>2025-11-16 09:08:26.194 UTC</dateCreated>
  <dateModified>2025-11-16 09:10:46.676 UTC</dateModified>
</layer>